<xml xmlns:o="urn:schemas-microsoft-com:office:office">
 <o:MainFile HRef="../verslag.html"/>
 <o:File HRef="item0022.xml"/>
 <o:File HRef="props023.xml"/>
 <o:File HRef="themedata.thmx"/>
 <o:File HRef="colorschememapping.xml"/>
 <o:File HRef="image003.png"/>
 <o:File HRef="image006.png"/>
 <o:File HRef="image001.png"/>
 <o:File HRef="image012.png"/>
 <o:File HRef="image002.png"/>
 <o:File HRef="image013.png"/>
 <o:File HRef="image004.png"/>
 <o:File HRef="image014.png"/>
 <o:File HRef="image005.png"/>
 <o:File HRef="image015.png"/>
 <o:File HRef="image016.png"/>
 <o:File HRef="image022.png"/>
 <o:File HRef="image018.png"/>
 <o:File HRef="image023.png"/>
 <o:File HRef="image020.png"/>
 <o:File HRef="image024.png"/>
 <o:File HRef="filelist.xml"/>
</xml>