<xml xmlns:o="urn:schemas-microsoft-com:office:office">
 <o:MainFile HRef="../verslag.html"/>
 <o:File HRef="item0026.xml"/>
 <o:File HRef="props027.xml"/>
 <o:File HRef="themedata.thmx"/>
 <o:File HRef="colorschememapping.xml"/>
 <o:File HRef="image001.png"/>
 <o:File HRef="image002.png"/>
 <o:File HRef="image005.png"/>
 <o:File HRef="image006.png"/>
 <o:File HRef="image007.png"/>
 <o:File HRef="image009.png"/>
 <o:File HRef="image010.png"/>
 <o:File HRef="image019.png"/>
 <o:File HRef="image012.png"/>
 <o:File HRef="image020.png"/>
 <o:File HRef="image014.png"/>
 <o:File HRef="image021.png"/>
 <o:File HRef="image016.png"/>
 <o:File HRef="image022.png"/>
 <o:File HRef="image018.png"/>
 <o:File HRef="image023.png"/>
 <o:File HRef="image025.png"/>
 <o:File HRef="image028.png"/>
 <o:File HRef="image027.png"/>
 <o:File HRef="image029.png"/>
 <o:File HRef="filelist.xml"/>
</xml>