<xml xmlns:o="urn:schemas-microsoft-com:office:office">
 <o:MainFile HRef="../verslag.html"/>
 <o:File HRef="item0022.xml"/>
 <o:File HRef="props023.xml"/>
 <o:File HRef="themedata.thmx"/>
 <o:File HRef="colorschememapping.xml"/>
 <o:File HRef="image004.png"/>
 <o:File HRef="image005.png"/>
 <o:File HRef="image006.png"/>
 <o:File HRef="image010.png"/>
 <o:File HRef="image007.png"/>
 <o:File HRef="image008.png"/>
 <o:File HRef="image009.png"/>
 <o:File HRef="image012.jpg"/>
 <o:File HRef="image011.png"/>
 <o:File HRef="image015.png"/>
 <o:File HRef="image013.png"/>
 <o:File HRef="image021.png"/>
 <o:File HRef="image025.png"/>
 <o:File HRef="image014.png"/>
 <o:File HRef="image018.png"/>
 <o:File HRef="image019.png"/>
 <o:File HRef="filelist.xml"/>
</xml>