<xml xmlns:o="urn:schemas-microsoft-com:office:office">
 <o:MainFile HRef="../verslag.html"/>
 <o:File HRef="item0049.xml"/>
 <o:File HRef="props050.xml"/>
 <o:File HRef="themedata.thmx"/>
 <o:File HRef="colorschememapping.xml"/>
 <o:File HRef="image001.png"/>
 <o:File HRef="image007.png"/>
 <o:File HRef="image003.png"/>
 <o:File HRef="image008.png"/>
 <o:File HRef="image005.png"/>
 <o:File HRef="image009.png"/>
 <o:File HRef="image011.png"/>
 <o:File HRef="image010.png"/>
 <o:File HRef="image014.png"/>
 <o:File HRef="image013.png"/>
 <o:File HRef="image016.png"/>
 <o:File HRef="image015.png"/>
 <o:File HRef="image021.png"/>
 <o:File HRef="image017.png"/>
 <o:File HRef="image024.png"/>
 <o:File HRef="image018.png"/>
 <o:File HRef="image026.png"/>
 <o:File HRef="image025.png"/>
 <o:File HRef="image030.png"/>
 <o:File HRef="image031.png"/>
 <o:File HRef="image027.png"/>
 <o:File HRef="image032.png"/>
 <o:File HRef="image033.png"/>
 <o:File HRef="image035.png"/>
 <o:File HRef="image028.png"/>
 <o:File HRef="image036.png"/>
 <o:File HRef="image034.png"/>
 <o:File HRef="image038.png"/>
 <o:File HRef="image042.png"/>
 <o:File HRef="image040.png"/>
 <o:File HRef="image043.png"/>
 <o:File HRef="image046.png"/>
 <o:File HRef="image044.png"/>
 <o:File HRef="image048.png"/>
 <o:File HRef="image045.png"/>
 <o:File HRef="image049.png"/>
 <o:File HRef="image053.png"/>
 <o:File HRef="image054.png"/>
 <o:File HRef="image047.png"/>
 <o:File HRef="image055.png"/>
 <o:File HRef="image056.png"/>
 <o:File HRef="image057.png"/>
 <o:File HRef="image058.png"/>
 <o:File HRef="filelist.xml"/>
</xml>