<xml xmlns:o="urn:schemas-microsoft-com:office:office">
 <o:MainFile HRef="../verslag.html"/>
 <o:File HRef="item0029.xml"/>
 <o:File HRef="props030.xml"/>
 <o:File HRef="themedata.thmx"/>
 <o:File HRef="colorschememapping.xml"/>
 <o:File HRef="image001.png"/>
 <o:File HRef="image002.png"/>
 <o:File HRef="image003.png"/>
 <o:File HRef="image004.png"/>
 <o:File HRef="image005.png"/>
 <o:File HRef="image006.png"/>
 <o:File HRef="image014.jpg"/>
 <o:File HRef="image007.jpg"/>
 <o:File HRef="image016.png"/>
 <o:File HRef="image013.png"/>
 <o:File HRef="image008.png"/>
 <o:File HRef="image017.png"/>
 <o:File HRef="image019.png"/>
 <o:File HRef="image009.png"/>
 <o:File HRef="image024.png"/>
 <o:File HRef="image010.png"/>
 <o:File HRef="image028.png"/>
 <o:File HRef="image011.png"/>
 <o:File HRef="image031.png"/>
 <o:File HRef="image012.png"/>
 <o:File HRef="image034.png"/>
 <o:File HRef="image015.png"/>
 <o:File HRef="image036.png"/>
 <o:File HRef="filelist.xml"/>
</xml>